id,來源,統計月份,日期,台北業績,台北佔比,台中業績,台中佔比,桃園業績,桃園佔比,新竹業績,新竹佔比,高雄業績,高雄佔比,全區合計
20260521061910_本月,schedule,2026/05,2026/05/21 06:19:10,3114550,0.6494085983278909,280800,0.05854904702460123,1059299,0.2208723182482659,282230,0.05884721346778207,59100,0.012322822931459875,4795979
